,student_id,How likely are you to use this model for academic tasks?,label,best_task_brainstorming_or_generating_creative_ideas,best_task_converting_content_between_formats_e.g.,best_task_data_processing_or_analysis,best_task_drafting_professional_text_e.g.,best_task_explaining_complex_concepts_simply,best_task_latex,best_task_math_computations,best_task_writing_or_debugging_code,best_task_writing_or_editing_essays/reports,best_task_emails,best_task_résumés,subopt_task_brainstorming_or_generating_creative_ideas,subopt_task_converting_content_between_formats_e.g.,subopt_task_data_processing_or_analysis,subopt_task_drafting_professional_text_e.g.,subopt_task_explaining_complex_concepts_simply,subopt_task_latex,subopt_task_math_computations,subopt_task_writing_or_debugging_code,subopt_task_writing_or_editing_essays/reports,subopt_task_emails,subopt_task_résumés
0,1,3,ChatGPT,0,0,1,1,1,0,1,0,1,1,1,1,1,0,0,1,1,0,1,0,0,0
1,1,4,Claude,0,0,0,0,0,0,0,1,0,0,0,1,0,0,1,1,0,1,0,0,1,1
2,1,3,Gemini,0,1,0,0,0,1,1,0,0,0,0,1,0,1,1,0,0,0,0,0,1,1
3,2,5,ChatGPT,1,1,0,1,1,1,0,0,1,1,1,0,0,1,1,0,0,0,1,1,1,1
4,2,4,Claude,0,1,1,0,0,1,1,1,0,0,0,1,1,1,1,1,1,0,0,1,1,1
5,2,1,Gemini,1,0,0,0,0,0,0,0,0,0,0,0,1,1,0,0,1,1,1,0,0,0
6,3,3,ChatGPT,1,1,1,1,1,1,0,1,1,1,1,1,1,0,0,0,1,1,1,0,0,0
7,3,1,Claude,0,0,0,0,0,0,0,0,0,0,0,0,0,0,0,0,0,0,0,0,0,0
8,3,1,Gemini,0,0,0,0,0,0,0,0,0,0,0,0,0,0,0,0,0,0,0,0,0,0
9,4,3,ChatGPT,1,1,0,0,1,1,0,0,0,0,0,0,0,1,0,0,0,1,1,0,0,0
10,4,1,Claude,0,0,0,0,0,0,0,1,0,0,0,0,0,0,0,0,0,0,0,0,0,0
11,4,1,Gemini,1,1,0,0,1,1,0,0,0,0,0,0,0,0,0,0,0,0,0,0,0,0
12,5,4,ChatGPT,1,0,0,1,1,0,0,0,1,1,1,0,0,1,0,0,0,1,1,0,0,0
13,5,2,Claude,0,0,0,0,0,0,0,1,0,0,0,0,0,0,0,0,0,1,0,1,0,0
14,5,2,Gemini,1,0,0,1,1,0,0,0,1,1,1,0,0,1,0,0,0,1,1,0,0,0
15,6,4,ChatGPT,1,0,0,0,1,0,0,1,1,0,0,0,0,1,0,0,0,1,1,0,0,0
16,6,1,Claude,1,0,0,0,1,0,0,1,0,0,0,0,0,0,0,0,0,0,1,0,0,0
17,6,1,Gemini,0,0,0,0,0,0,0,0,1,0,0,1,0,0,0,1,0,1,0,0,0,0
18,7,4,ChatGPT,1,1,1,1,1,1,1,1,1,1,1,0,0,0,1,0,0,1,1,0,1,1
19,7,4,Claude,1,1,1,0,1,1,1,1,0,0,0,0,0,0,1,0,0,1,1,1,1,1
20,7,2,Gemini,1,0,0,1,1,0,0,0,0,1,1,0,0,0,0,0,0,1,1,0,0,0
21,8,4,ChatGPT,0,1,0,1,1,1,0,1,1,1,1,0,1,0,0,0,1,0,1,0,0,0
22,8,4,Claude,1,1,0,1,1,1,0,1,1,1,1,0,0,1,0,0,0,1,0,0,0,0
23,8,4,Gemini,1,1,0,1,1,1,0,1,1,1,1,0,0,1,0,0,0,1,0,0,0,0
24,9,3,ChatGPT,1,0,0,1,1,0,0,1,1,1,1,0,0,1,0,0,0,1,0,0,0,0
25,9,1,Claude,0,0,1,0,0,0,1,1,0,0,0,1,1,0,1,0,1,0,0,1,1,1
26,9,3,Gemini,1,0,0,1,0,0,0,0,1,1,1,0,1,1,0,0,1,1,1,0,0,0
27,10,3,ChatGPT,1,1,1,1,1,1,1,1,0,1,1,0,0,1,0,0,0,1,1,0,0,0
28,10,1,Claude,0,0,1,0,0,0,0,1,0,0,0,0,0,0,0,0,0,1,0,0,0,0
29,10,2,Gemini,1,0,0,1,1,0,0,0,0,1,1,0,0,0,0,1,0,0,0,0,0,0
30,11,5,ChatGPT,1,0,1,1,1,0,1,1,0,1,1,0,1,0,0,0,1,0,0,0,0,0
31,11,1,Claude,0,0,0,0,0,0,1,0,0,0,0,0,0,0,0,0,0,0,1,0,0,0
32,11,1,Gemini,0,0,0,0,0,0,0,1,0,0,0,0,0,0,0,0,0,1,0,0,0,0
33,12,4,ChatGPT,0,1,1,1,1,1,0,0,1,1,1,0,0,1,0,1,0,0,0,1,0,0
34,12,3,Claude,0,0,0,0,1,0,0,0,1,0,0,0,1,0,0,0,1,0,0,0,0,0
35,12,3,Gemini,0,0,1,0,1,0,0,1,1,0,0,0,1,0,0,0,1,1,0,0,0,0
36,13,3,ChatGPT,0,0,0,0,0,0,1,1,0,0,0,0,1,0,0,1,1,0,0,0,0,0
37,13,3,Claude,0,1,0,0,1,1,0,0,0,0,0,0,0,1,0,1,0,0,0,0,0,0
38,13,3,Gemini,0,1,0,0,1,1,0,0,0,0,0,0,1,1,0,0,1,0,0,0,0,0
39,14,4,ChatGPT,0,1,0,0,1,1,0,1,0,0,0,0,0,1,0,0,0,1,0,1,0,0
40,14,4,Claude,0,0,0,0,0,0,0,1,0,0,0,1,0,1,1,1,0,1,0,1,1,1
41,14,5,Gemini,0,0,0,0,1,0,0,0,0,0,0,0,0,0,0,0,0,1,0,0,0,0
42,15,4,ChatGPT,0,0,0,1,1,0,0,0,1,1,1,1,1,1,0,0,1,1,1,0,0,0
43,15,3,Claude,0,0,0,0,0,0,1,1,0,0,0,0,0,1,0,0,0,0,1,0,0,0
44,15,3,Gemini,0,0,0,1,1,0,0,0,1,1,1,0,0,0,0,0,0,1,1,0,0,0
45,16,4,ChatGPT,1,0,0,1,0,0,0,0,1,1,1,0,0,0,0,0,0,1,1,0,0,0
46,16,2,Claude,0,0,1,0,0,0,0,1,0,0,0,0,0,0,0,0,0,1,0,0,0,0
47,16,2,Gemini,0,0,0,0,0,0,0,1,0,0,0,0,1,0,0,0,1,0,0,0,0,0
48,17,3,ChatGPT,0,1,0,0,1,1,0,0,0,0,0,1,0,0,1,0,0,0,0,1,1,1
49,17,1,Claude,0,0,1,0,0,0,1,1,0,0,0,1,0,1,0,0,0,0,0,0,0,0
50,17,1,Gemini,1,0,0,0,0,0,0,0,1,0,0,0,0,1,0,0,0,1,1,0,0,0
51,18,4,ChatGPT,0,0,0,0,1,0,0,1,0,0,0,1,0,0,0,0,0,1,0,0,0,0
52,18,2,Claude,0,1,1,0,0,1,0,0,0,0,0,1,0,0,0,1,0,0,0,1,0,0
53,18,4,Gemini,0,0,0,0,0,0,1,0,0,0,0,0,0,0,0,0,0,0,1,0,0,0
54,19,5,ChatGPT,1,0,0,0,1,0,0,1,0,0,0,0,1,0,0,0,1,1,0,0,0,0
55,19,3,Claude,1,0,0,0,1,0,0,0,0,0,0,1,0,0,0,0,0,0,1,0,0,0
56,19,3,Gemini,0,0,0,0,1,0,0,0,0,0,0,0,0,0,0,0,0,0,1,0,0,0
57,20,3,ChatGPT,1,1,0,1,1,1,1,0,1,1,1,0,0,1,0,0,0,0,1,0,0,0
58,20,4,Claude,0,0,1,1,0,0,1,1,0,1,1,0,0,0,0,1,0,0,0,1,0,0
59,20,2,Gemini,0,0,1,0,1,0,0,0,1,0,0,0,0,0,1,0,0,0,1,0,1,1
60,21,4,ChatGPT,0,0,1,0,1,0,1,1,0,0,0,0,0,0,0,1,0,1,0,0,0,0
61,21,1,Claude,0,0,1,0,0,0,1,1,0,0,0,0,0,1,1,0,0,1,1,0,1,1
62,21,3,Gemini,1,0,0,1,0,0,0,0,1,1,1,1,1,0,1,0,1,0,0,1,1,1
63,22,3,ChatGPT,0,1,0,1,1,1,0,1,0,1,1,1,1,0,0,1,1,0,1,1,0,0
64,22,3,Claude,0,1,0,0,1,1,0,1,0,0,0,1,1,0,0,1,1,0,1,0,0,0
65,22,1,Gemini,0,0,0,0,0,0,0,0,0,0,0,0,0,0,0,0,0,0,0,0,0,0
66,23,1,ChatGPT,0,0,0,1,0,0,0,0,0,1,1,1,0,0,0,0,0,0,0,1,0,0
67,23,1,Claude,0,0,0,0,0,0,0,1,0,0,0,0,0,0,0,0,0,0,0,1,0,0
68,23,1,Gemini,0,1,0,0,0,1,0,1,0,0,0,1,0,0,0,0,0,0,0,1,0,0
69,24,4,ChatGPT,1,1,0,0,1,1,0,0,1,0,0,0,0,1,1,0,0,1,1,0,1,1
70,24,5,Claude,1,0,1,0,0,0,0,0,0,0,0,0,0,0,1,1,0,1,1,1,1,1
71,24,1,Gemini,0,0,0,0,0,0,0,0,0,0,0,0,0,0,0,0,0,0,0,0,0,0
72,25,4,ChatGPT,1,0,0,0,1,0,0,0,1,0,0,0,1,0,0,0,1,0,0,0,0,0
73,25,2,Claude,0,0,0,0,0,0,0,1,0,0,0,0,0,0,0,0,0,0,0,1,0,0
74,25,2,Gemini,0,0,1,0,0,0,0,1,0,0,0,0,0,0,0,0,0,0,1,0,0,0
75,26,3,ChatGPT,0,1,0,0,1,1,0,0,0,0,0,0,0,1,0,0,0,0,0,0,0,0
76,26,3,Claude,0,0,0,1,0,0,0,0,0,1,1,0,0,0,0,0,0,0,0,1,0,0
77,26,3,Gemini,1,0,0,0,0,0,0,0,0,0,0,0,0,0,0,0,0,0,0,1,0,0
78,27,2,ChatGPT,1,1,0,1,1,1,0,1,1,1,1,0,0,1,0,0,0,1,1,0,0,0
79,27,2,Claude,0,0,0,0,0,0,0,1,0,0,0,0,0,0,0,0,0,1,0,0,0,0
80,27,2,Gemini,1,0,0,1,1,0,0,0,1,1,1,0,1,1,0,0,1,1,1,0,0,0
81,28,3,ChatGPT,0,0,0,0,1,0,0,0,1,0,0,0,0,0,0,0,0,1,1,0,0,0
82,28,1,Claude,0,0,0,1,0,0,0,0,1,1,1,0,0,0,0,0,0,1,1,0,0,0
83,28,1,Gemini,0,0,0,0,1,0,0,0,1,0,0,0,0,0,0,0,0,1,1,0,0,0
84,29,4,ChatGPT,0,1,0,1,1,1,1,0,0,1,1,1,0,0,0,0,0,0,0,0,0,0
85,29,1,Claude,0,0,1,0,1,0,1,0,0,0,0,1,0,0,0,0,0,0,0,0,0,0
86,29,3,Gemini,0,0,1,0,1,0,0,0,0,0,0,0,1,0,0,0,1,0,0,0,0,0
87,30,5,ChatGPT,0,0,1,1,1,0,0,1,1,1,1,1,1,0,0,0,1,1,0,0,0,0
88,30,4,Claude,0,0,0,0,0,0,1,1,0,0,0,1,0,0,0,0,0,0,0,1,0,0
89,30,2,Gemini,0,1,1,0,0,1,0,0,0,0,0,1,0,0,0,0,0,0,0,1,0,0
90,31,4,ChatGPT,1,0,0,1,0,0,0,0,1,1,1,0,1,1,0,1,1,1,1,0,0,0
91,31,4,Claude,0,0,0,0,1,0,1,1,0,0,0,1,0,0,0,0,0,0,0,1,0,0
92,31,3,Gemini,1,0,0,1,1,0,0,0,1,1,1,0,0,1,0,0,0,1,1,0,0,0
93,32,5,ChatGPT,1,0,0,1,1,0,0,0,1,1,1,0,0,0,0,0,0,1,0,0,0,0
94,32,4,Claude,1,1,1,0,1,1,1,1,0,0,0,0,0,0,1,0,0,0,0,1,1,1
95,32,4,Gemini,1,0,1,1,1,0,0,0,1,1,1,0,0,0,0,0,0,1,1,0,0,0
96,33,4,ChatGPT,1,0,0,1,1,0,1,1,1,1,1,0,1,1,0,0,1,0,1,0,0,0
97,33,3,Claude,0,1,1,0,0,1,0,1,0,0,0,1,0,0,1,0,0,0,0,0,1,1
98,33,2,Gemini,1,0,0,1,1,0,0,0,1,1,1,0,0,1,0,0,0,1,1,0,0,0
99,34,5,ChatGPT,1,0,1,1,1,0,0,0,1,1,1,0,0,0,0,0,0,1,1,0,0,0
100,34,3,Claude,1,0,0,0,0,0,1,1,0,0,0,0,0,0,1,0,0,0,0,1,1,1
101,34,1,Gemini,0,0,0,1,0,0,0,0,1,1,1,0,1,1,0,0,1,1,1,0,0,0
102,35,1,ChatGPT,1,1,0,0,1,1,0,0,0,0,0,0,0,0,0,0,0,1,1,0,0,0
103,35,3,Claude,1,0,0,0,0,0,0,0,1,0,0,0,0,1,0,0,0,0,1,0,0,0
104,35,3,Gemini,0,0,0,1,1,0,0,0,1,1,1,0,0,1,0,0,0,1,1,0,0,0
105,36,4,ChatGPT,1,1,1,1,1,1,0,0,0,1,1,0,0,0,0,0,0,1,1,1,0,0
106,36,1,Claude,1,1,0,1,1,1,0,1,0,1,1,0,0,1,0,0,0,1,0,1,0,0
107,36,1,Gemini,1,1,0,0,1,1,0,1,0,0,0,0,0,1,0,0,0,0,1,1,0,0
108,37,5,ChatGPT,1,1,0,1,1,1,0,0,1,1,1,0,0,1,0,0,0,1,1,0,0,0
109,37,1,Claude,0,1,1,1,1,1,1,1,0,1,1,1,0,0,0,0,0,0,0,1,0,0
110,37,4,Gemini,0,1,0,0,0,1,0,0,0,0,0,1,0,1,1,1,0,1,1,1,1,1
111,38,5,ChatGPT,1,1,0,1,0,1,0,0,1,1,1,0,0,0,0,0,0,1,1,0,0,0
112,38,3,Claude,0,0,1,0,0,0,1,1,0,0,0,1,0,0,0,0,0,0,0,0,0,0
113,38,4,Gemini,0,0,0,0,1,0,0,0,0,0,0,0,0,1,0,0,0,0,0,0,0,0
114,39,3,ChatGPT,0,1,0,1,1,1,1,0,0,1,1,1,0,0,0,0,0,0,1,1,0,0
115,39,2,Claude,1,0,0,0,1,0,0,0,1,0,0,0,0,0,1,0,0,0,0,1,1,1
116,39,3,Gemini,0,1,0,0,1,1,0,0,1,0,0,0,0,0,0,1,0,0,0,0,0,0
117,40,4,ChatGPT,0,1,0,1,1,1,0,0,1,1,1,0,0,0,0,1,0,1,1,0,0,0
118,40,3,Claude,0,0,1,0,0,0,1,1,0,0,0,0,0,0,1,1,0,0,0,1,1,1
119,40,2,Gemini,0,1,1,0,0,1,1,1,0,0,0,0,0,0,0,1,0,0,0,0,0,0
120,41,5,ChatGPT,0,1,0,1,0,1,0,0,0,1,1,1,0,1,0,1,0,0,1,0,0,0
121,41,4,Claude,0,0,1,0,0,0,0,1,0,0,0,1,0,0,0,1,0,0,0,0,0,0
122,41,4,Gemini,1,1,0,1,0,1,1,0,1,1,1,0,0,1,0,0,0,0,1,1,0,0
123,42,1,ChatGPT,1,0,0,1,0,0,0,1,1,1,1,1,0,0,0,0,0,0,0,0,0,0
124,42,1,Claude,0,0,0,0,0,0,0,0,0,0,0,0,0,0,0,0,0,0,0,0,0,0
125,42,1,Gemini,0,0,1,1,1,0,0,0,1,1,1,0,1,0,1,0,1,0,0,1,1,1
126,43,2,ChatGPT,0,1,0,1,1,1,0,1,0,1,1,1,0,1,0,0,0,1,0,1,0,0
127,43,2,Claude,0,1,1,1,1,1,1,1,0,1,1,1,0,0,0,0,0,0,0,1,0,0
128,43,3,Gemini,0,0,0,0,1,0,1,0,0,0,0,1,0,0,0,0,0,0,0,0,0,0
129,44,3,ChatGPT,0,0,1,1,1,0,0,1,0,1,1,1,1,0,0,0,1,0,0,1,0,0
130,44,1,Claude,0,0,0,0,1,0,0,0,0,0,0,0,0,0,0,0,0,1,0,0,0,0
131,44,2,Gemini,0,0,0,0,1,0,0,0,1,0,0,0,0,1,0,0,0,1,1,0,0,0
132,45,4,ChatGPT,1,1,0,0,1,1,0,1,0,0,0,0,1,1,0,0,1,0,0,1,0,0
133,45,3,Claude,0,1,0,0,1,1,1,0,0,0,0,0,0,1,0,0,0,0,0,0,0,0
134,45,4,Gemini,0,0,0,0,0,0,0,1,0,0,0,0,0,1,0,0,0,0,1,0,0,0
135,46,4,ChatGPT,1,0,1,1,1,0,0,1,1,1,1,1,1,1,0,1,1,1,0,0,0,0
136,46,3,Claude,1,0,0,1,0,0,0,1,1,1,1,0,0,1,0,0,0,1,0,0,0,0
137,46,3,Gemini,1,0,0,1,1,0,0,0,1,1,1,0,1,1,0,0,1,1,0,0,0,0
138,47,3,ChatGPT,0,1,1,1,0,1,0,0,0,1,1,0,0,0,0,0,0,1,0,1,0,0
139,47,2,Claude,0,0,0,1,0,0,0,0,1,1,1,0,0,1,0,0,0,1,1,0,0,0
140,47,3,Gemini,0,1,1,0,0,1,1,1,0,0,0,0,0,0,1,0,0,0,0,1,1,1
141,48,5,ChatGPT,1,1,0,1,1,1,0,0,1,1,1,0,0,1,0,0,0,1,1,0,0,0
142,48,3,Claude,1,0,0,1,1,0,0,0,1,1,1,0,0,1,0,0,0,1,1,0,0,0
143,48,4,Gemini,0,1,1,0,0,1,0,1,0,0,0,0,0,0,1,0,0,1,0,0,1,1
144,49,5,ChatGPT,0,1,0,1,0,1,1,1,0,1,1,0,0,0,0,0,0,0,0,0,0,0
145,49,3,Claude,0,0,0,0,0,0,0,1,0,0,0,0,0,0,0,1,0,1,0,1,0,0
146,49,4,Gemini,0,0,0,1,1,0,0,0,1,1,1,1,0,0,0,0,0,1,0,0,0,0
147,50,4,ChatGPT,0,1,0,0,1,1,0,0,0,0,0,1,0,1,1,0,0,1,1,0,1,1
148,50,2,Claude,1,0,0,0,0,0,0,0,0,0,0,0,0,1,1,0,0,1,1,0,1,1
149,50,1,Gemini,0,0,1,0,0,0,0,0,0,0,0,1,1,1,1,1,1,1,1,1,1,1
150,51,5,ChatGPT,1,1,1,1,1,1,1,0,1,1,1,0,0,1,0,0,0,1,1,0,0,0
151,51,4,Claude,0,0,0,0,1,0,0,0,1,0,0,0,0,0,0,1,0,0,0,1,0,0
152,51,3,Gemini,0,0,1,0,1,0,0,0,0,0,0,0,1,0,0,1,1,0,0,1,0,0
153,52,2,ChatGPT,0,0,0,1,1,0,0,0,0,1,1,0,0,0,0,0,0,1,0,1,0,0
154,52,2,Claude,0,0,0,0,0,0,0,0,1,0,0,0,0,0,1,0,0,0,0,0,1,1
155,52,2,Gemini,1,0,0,1,0,0,0,0,0,1,1,0,1,1,0,0,1,1,1,1,0,0
156,53,3,ChatGPT,1,1,0,1,1,1,0,1,0,1,1,0,0,1,0,0,0,1,0,0,0,0
157,53,4,Claude,1,0,0,1,1,0,0,0,1,1,1,0,1,1,0,0,1,1,1,0,0,0
158,53,4,Gemini,1,0,1,1,1,0,0,0,1,1,1,0,1,0,0,0,1,1,1,0,0,0
159,54,4,ChatGPT,1,1,0,1,1,1,1,1,0,1,1,0,0,0,0,0,0,1,0,0,0,0
160,54,4,Claude,0,0,1,0,0,0,0,1,0,0,0,0,0,0,0,1,0,0,0,0,0,0
161,54,2,Gemini,1,0,0,0,0,0,0,0,0,0,0,0,0,0,0,1,0,0,0,0,0,0
162,55,4,ChatGPT,0,1,0,1,1,1,0,0,1,1,1,1,0,1,0,0,0,1,1,0,0,0
163,55,4,Claude,1,1,1,1,1,1,0,1,1,1,1,0,0,0,0,0,0,1,0,0,0,0
164,55,2,Gemini,0,0,1,1,1,0,0,0,1,1,1,1,0,0,0,0,0,0,1,0,0,0
165,56,3,ChatGPT,1,1,1,1,0,1,0,0,0,1,1,0,0,0,0,1,0,1,0,0,0,0
166,56,2,Claude,0,0,0,0,0,0,1,1,0,0,0,0,1,1,1,0,1,1,0,0,1,1
167,56,3,Gemini,1,1,1,1,0,1,1,1,1,1,1,0,0,1,0,1,0,1,0,0,0,0
168,57,4,ChatGPT,0,0,0,1,1,0,1,0,1,1,1,1,1,1,0,0,1,0,1,0,0,0
169,57,3,Claude,0,0,0,0,0,0,0,1,0,0,0,1,0,0,1,1,0,0,0,1,1,1
170,57,2,Gemini,0,0,0,0,0,0,1,0,0,0,0,0,0,0,0,0,0,1,0,0,0,0
171,58,4,ChatGPT,1,0,0,1,1,0,0,0,1,1,1,0,1,0,0,0,1,1,1,0,0,0
172,58,3,Claude,1,0,1,1,1,0,0,0,1,1,1,0,1,0,0,0,1,0,1,0,0,0
173,58,1,Gemini,0,0,0,0,1,0,0,0,0,0,0,1,1,0,0,0,1,1,0,0,0,0
174,59,3,ChatGPT,1,0,0,1,1,0,0,0,0,1,1,0,0,1,0,0,0,1,1,0,0,0
175,59,1,Claude,0,0,0,0,0,0,0,1,0,0,0,0,0,0,0,1,0,0,0,0,0,0
176,59,1,Gemini,0,0,0,0,1,0,1,1,1,0,0,0,0,0,0,1,0,0,0,0,0,0
177,60,4,ChatGPT,1,0,1,1,1,0,0,1,1,1,1,0,0,1,0,0,0,1,1,0,0,0
178,60,3,Claude,1,0,0,1,0,0,0,0,1,1,1,0,1,1,0,1,1,1,1,0,0,0
179,60,3,Gemini,1,1,0,0,1,1,0,0,0,0,0,0,0,1,0,0,0,1,1,0,0,0
180,61,4,ChatGPT,0,1,1,0,0,1,1,0,0,0,0,1,0,0,1,0,0,0,1,1,1,1
181,61,5,Claude,0,1,0,0,1,1,0,1,0,0,0,1,0,1,1,0,0,1,0,1,1,1
182,61,2,Gemini,0,1,1,0,1,1,0,0,0,0,0,0,0,0,0,0,0,0,1,0,0,0
183,62,3,ChatGPT,1,0,0,1,1,0,0,0,0,1,1,0,0,0,0,0,0,1,1,0,0,0
184,62,3,Claude,0,0,0,0,0,0,0,1,0,0,0,0,0,0,0,0,0,1,0,0,0,0
185,62,3,Gemini,1,0,0,0,0,0,0,0,1,0,0,0,0,0,0,0,0,1,0,0,0,0
186,63,5,ChatGPT,0,0,0,1,1,0,1,1,1,1,1,1,1,1,0,0,1,0,0,0,0,0
187,63,3,Claude,0,0,0,0,1,0,1,1,0,0,0,0,0,0,1,0,0,0,0,1,1,1
188,63,2,Gemini,0,1,1,1,1,1,1,0,1,1,1,1,0,0,0,0,0,0,1,0,0,0
189,64,4,ChatGPT,1,0,0,0,1,0,0,1,1,0,0,0,0,0,0,0,0,1,0,0,0,0
190,64,3,Claude,1,0,0,1,0,0,0,0,1,1,1,0,0,1,0,0,0,0,1,0,0,0
191,64,3,Gemini,1,0,0,0,0,0,0,0,1,0,0,0,0,1,0,0,0,0,1,0,0,0
192,65,5,ChatGPT,1,1,1,1,1,1,0,1,1,1,1,0,0,0,0,0,0,1,0,0,0,0
193,65,3,Claude,1,1,0,1,0,1,0,0,1,1,1,0,0,1,0,0,0,1,1,0,0,0
194,65,3,Gemini,0,1,1,0,1,1,0,1,1,0,0,1,0,0,1,0,0,1,0,0,1,1
195,66,3,ChatGPT,0,1,0,1,0,1,1,0,1,1,1,1,0,1,0,0,0,1,1,0,0,0
196,66,3,Claude,0,1,0,0,0,1,1,1,1,0,0,1,0,1,0,0,0,1,0,0,0,0
197,66,4,Gemini,1,0,1,1,1,0,0,0,1,1,1,1,1,0,0,0,1,1,1,0,0,0
198,67,4,ChatGPT,1,1,0,1,1,1,0,0,0,1,1,0,0,1,0,0,0,1,1,0,0,0
199,67,3,Claude,1,1,0,1,1,1,0,1,1,1,1,0,0,1,0,0,0,1,0,0,0,0
200,67,5,Gemini,1,0,0,1,0,0,0,0,1,1,1,0,0,0,0,0,0,1,1,0,0,0
201,68,5,ChatGPT,1,1,1,1,1,1,1,1,1,1,1,1,0,0,0,0,0,1,1,0,0,0
202,68,3,Claude,0,0,1,0,0,0,0,1,0,0,0,1,0,0,0,0,0,1,0,1,0,0
203,68,2,Gemini,0,0,1,0,0,0,0,1,0,0,0,0,0,0,0,0,0,0,0,1,0,0
204,69,4,ChatGPT,1,0,1,0,0,0,1,1,0,0,0,0,0,0,1,0,0,0,0,1,1,1
205,69,1,Claude,1,0,1,0,0,0,1,1,0,0,0,0,0,0,0,0,0,0,0,1,0,0
206,69,3,Gemini,0,0,0,0,0,0,1,1,0,0,0,0,0,0,0,0,0,0,1,0,0,0
207,70,4,ChatGPT,1,1,1,1,1,1,0,0,0,1,1,0,0,1,0,0,0,0,1,1,0,0
208,70,3,Claude,1,0,1,1,1,0,0,0,1,1,1,0,1,0,0,0,1,1,1,0,0,0
209,70,4,Gemini,0,0,1,0,1,0,0,1,0,0,0,1,0,0,0,1,0,0,0,1,0,0
210,71,4,ChatGPT,1,1,0,1,1,1,0,0,0,1,1,0,0,0,0,0,0,1,0,0,0,0
211,71,5,Claude,0,0,1,0,0,0,1,1,1,0,0,1,0,0,0,0,0,0,0,0,0,0
212,71,2,Gemini,1,0,0,1,0,0,0,0,0,1,1,0,0,1,0,0,0,1,1,0,0,0
213,72,3,ChatGPT,1,1,0,1,1,1,0,0,0,1,1,0,0,1,0,0,0,1,1,1,0,0
214,72,3,Claude,0,0,0,0,0,0,0,1,0,0,0,0,0,1,0,0,0,0,0,0,0,0
215,72,1,Gemini,1,0,0,1,0,0,0,0,0,1,1,0,0,0,0,0,0,0,1,0,0,0
216,73,4,ChatGPT,0,1,0,1,1,1,1,1,0,1,1,1,0,1,0,0,0,0,0,1,0,0
217,73,3,Claude,1,1,1,1,0,1,0,0,1,1,1,0,0,1,1,1,0,0,1,1,1,1
218,73,2,Gemini,1,0,0,1,0,0,0,0,1,1,1,0,1,1,0,0,1,1,1,0,0,0
219,74,4,ChatGPT,1,0,0,1,1,0,0,1,0,1,1,1,1,1,0,0,1,1,1,0,0,0
220,74,2,Claude,1,0,0,1,1,0,0,1,0,1,1,0,1,1,0,0,1,1,0,0,0,0
221,74,2,Gemini,1,0,0,0,1,0,0,1,0,0,0,0,0,0,0,0,0,1,1,0,0,0
222,75,5,ChatGPT,0,0,0,1,1,0,0,0,1,1,1,0,0,1,0,0,0,1,1,0,0,0
223,75,2,Claude,0,1,1,0,0,1,1,1,0,0,0,1,0,0,0,0,0,0,0,1,0,0
224,75,1,Gemini,0,0,0,0,0,0,0,0,0,0,0,0,0,0,0,0,0,0,0,0,0,0
225,76,4,ChatGPT,0,1,1,1,1,1,0,1,0,1,1,1,0,0,0,0,0,1,0,1,0,0
226,76,2,Claude,0,1,1,0,1,1,1,1,0,0,0,1,0,0,0,0,0,0,0,1,0,0
227,76,1,Gemini,0,1,0,1,0,1,0,0,0,1,1,1,0,0,0,0,0,1,0,1,0,0
228,77,5,ChatGPT,1,0,0,1,1,0,0,0,1,1,1,0,1,1,0,0,1,1,0,0,0,0
229,77,3,Claude,0,0,0,1,0,0,1,1,0,1,1,0,0,0,0,0,0,0,1,0,0,0
230,77,3,Gemini,0,0,1,0,1,0,0,0,0,0,0,0,0,0,0,0,0,0,1,0,0,0
231,78,5,ChatGPT,0,1,0,1,1,1,0,1,1,1,1,1,0,1,0,0,0,1,0,0,0,0
232,78,4,Claude,0,0,1,0,0,0,0,1,0,0,0,0,0,0,1,1,0,0,0,1,1,1
233,78,5,Gemini,0,0,0,1,1,0,0,0,1,1,1,0,0,1,0,0,0,1,1,0,0,0
234,79,5,ChatGPT,1,1,0,1,1,1,0,0,0,1,1,0,0,1,0,0,0,1,1,0,0,0
235,79,3,Claude,0,0,0,0,0,0,0,1,0,0,0,0,0,1,0,0,0,1,1,0,0,0
236,79,3,Gemini,0,0,0,1,0,0,0,1,1,1,1,0,0,1,0,0,0,1,1,0,0,0
237,80,1,ChatGPT,0,0,0,1,1,0,0,0,0,1,1,0,0,0,0,0,0,1,1,0,0,0
238,80,2,Claude,1,0,0,1,0,0,0,0,1,1,1,0,1,1,0,0,1,1,1,0,0,0
239,80,1,Gemini,0,0,0,1,0,0,0,0,1,1,1,0,1,1,0,0,1,1,1,0,0,0
240,81,3,ChatGPT,0,1,1,1,1,1,0,0,1,1,1,1,0,0,0,0,0,1,1,0,0,0
241,81,3,Claude,0,1,1,1,0,1,0,1,0,1,1,0,1,0,0,0,1,1,1,0,0,0
242,81,1,Gemini,1,0,0,1,1,0,0,1,0,1,1,0,0,0,0,0,0,1,1,1,0,0
243,82,3,ChatGPT,1,0,0,1,0,0,0,0,1,1,1,0,0,1,0,0,0,1,1,0,0,0
244,82,4,Claude,1,0,1,0,1,0,0,1,0,0,0,0,1,0,0,0,1,1,0,1,0,0
245,82,2,Gemini,1,0,0,1,1,0,0,0,0,1,1,0,1,1,0,0,1,1,1,1,0,0
246,83,5,ChatGPT,1,0,0,1,1,0,0,1,1,1,1,0,1,0,0,0,1,1,0,1,0,0
247,83,3,Claude,1,0,1,1,0,0,1,1,0,1,1,0,0,0,1,0,0,0,0,1,1,1
248,83,3,Gemini,0,0,1,0,1,0,1,1,1,0,0,0,1,0,1,0,1,0,0,0,1,1
249,84,4,ChatGPT,0,1,1,1,1,1,0,1,0,1,1,1,0,0,0,0,0,1,0,0,0,0
250,84,1,Claude,0,0,0,0,0,0,0,1,0,0,0,0,0,0,0,0,0,0,0,1,0,0
251,84,1,Gemini,0,0,0,0,0,0,0,1,0,0,0,0,0,0,0,0,0,0,1,0,0,0
252,85,2,ChatGPT,1,0,0,1,1,0,0,0,0,1,1,0,0,1,0,0,0,1,1,0,0,0
253,85,3,Claude,1,1,1,0,1,1,0,1,0,0,0,0,0,0,0,0,0,1,0,1,0,0
254,85,1,Gemini,1,0,0,1,0,0,0,0,1,1,1,0,1,1,0,1,1,1,1,0,0,0
255,86,5,ChatGPT,1,1,0,1,0,1,0,1,1,1,1,0,0,0,0,0,0,1,0,0,0,0
256,86,1,Claude,0,0,0,0,0,0,0,1,0,0,0,0,0,0,0,0,0,1,0,0,0,0
257,86,1,Gemini,0,0,0,0,0,0,0,1,0,0,0,0,0,0,0,0,0,1,0,0,0,0
258,87,4,ChatGPT,0,0,0,1,1,0,1,0,0,1,1,1,0,1,0,0,0,0,1,0,0,0
259,87,3,Claude,0,0,1,0,0,0,0,1,0,0,0,0,0,0,1,0,0,0,0,1,1,1
260,87,2,Gemini,1,0,0,0,0,0,0,0,0,0,0,0,0,1,0,0,0,0,1,0,0,0
261,88,5,ChatGPT,0,0,0,0,1,0,0,1,1,0,0,0,1,1,0,0,1,1,0,0,0,0
262,88,1,Claude,0,0,0,0,0,0,0,1,0,0,0,1,0,0,0,0,0,0,0,0,0,0
263,88,1,Gemini,1,0,0,0,1,0,0,0,0,0,0,0,0,0,0,0,0,1,0,0,0,0
264,89,4,ChatGPT,0,1,0,1,0,1,0,1,0,1,1,1,0,1,0,1,0,1,1,0,0,0
265,89,3,Claude,0,1,0,1,0,1,0,0,1,1,1,0,0,1,0,0,0,1,1,0,0,0
266,89,3,Gemini,0,0,1,0,0,0,0,1,0,0,0,0,0,0,0,0,0,0,0,1,0,0
267,90,4,ChatGPT,1,0,0,0,1,0,1,1,0,0,0,0,0,1,1,0,0,0,0,1,1,1
268,90,3,Claude,0,0,1,0,0,0,0,1,0,0,0,1,1,0,1,1,1,0,0,1,1,1
269,90,1,Gemini,1,1,0,1,1,1,0,0,1,1,1,0,0,0,0,0,0,1,1,0,0,0
270,91,4,ChatGPT,1,1,0,1,1,1,0,0,0,1,1,0,0,1,0,0,0,1,0,0,0,0
271,91,4,Claude,0,0,0,0,0,0,0,1,0,0,0,0,0,0,0,0,0,0,1,0,0,0
272,91,4,Gemini,1,0,0,0,1,0,0,0,1,0,0,0,0,1,0,0,0,1,0,0,0,0
273,92,5,ChatGPT,1,0,0,1,1,0,0,0,1,1,1,0,1,1,0,0,1,1,1,0,0,0
274,92,2,Claude,1,0,0,1,1,0,0,0,1,1,1,0,1,1,0,0,1,1,1,0,0,0
275,92,3,Gemini,1,0,0,1,1,0,0,0,1,1,1,0,1,1,0,0,1,1,1,0,0,0
276,93,5,ChatGPT,0,1,0,1,1,1,1,1,1,1,1,1,0,0,0,0,0,1,0,0,0,0
277,93,4,Claude,0,0,0,0,1,0,0,1,1,0,0,0,0,1,0,0,0,1,0,0,0,0
278,93,3,Gemini,1,0,0,0,1,0,0,0,1,0,0,0,1,0,0,0,1,1,1,0,0,0
279,94,4,ChatGPT,1,1,0,1,1,1,0,0,1,1,1,0,0,1,0,0,0,1,1,0,0,0
280,94,2,Claude,0,0,0,0,0,0,0,1,0,0,0,0,1,0,1,1,1,0,0,1,1,1
281,94,4,Gemini,0,0,1,0,0,0,1,0,0,0,0,1,1,0,1,1,1,0,0,1,1,1
282,95,4,ChatGPT,1,1,1,1,1,1,1,1,1,1,1,1,1,1,1,1,1,1,1,1,1,1
283,95,4,Claude,0,0,1,1,0,0,1,1,1,1,1,0,0,1,1,0,0,1,1,1,1,1
284,95,1,Gemini,0,1,0,0,0,1,0,0,0,0,0,0,1,0,0,0,1,0,0,0,0,0
285,96,3,ChatGPT,1,1,0,1,1,1,0,1,0,1,1,0,0,1,0,0,0,1,1,0,0,0
286,96,3,Claude,0,1,0,1,0,1,1,1,0,1,1,0,0,0,1,1,0,0,0,0,1,1
287,96,2,Gemini,0,0,0,1,1,0,0,1,0,1,1,0,0,1,0,0,0,1,1,0,0,0
288,97,5,ChatGPT,1,0,0,1,1,0,0,1,0,1,1,0,1,1,0,0,1,1,1,0,0,0
289,97,4,Claude,1,0,0,0,1,0,0,0,0,0,0,0,1,1,1,0,1,1,1,1,1,1
290,97,4,Gemini,1,0,0,1,1,0,0,0,1,1,1,0,1,1,0,0,1,1,1,0,0,0
291,98,3,ChatGPT,1,0,1,1,1,0,0,1,0,1,1,1,0,0,0,0,0,1,0,1,0,0
292,98,2,Claude,0,0,0,0,1,0,1,1,0,0,0,1,0,0,1,0,0,0,0,1,1,1
293,98,3,Gemini,0,0,0,0,1,0,1,1,0,0,0,1,0,0,1,0,0,0,0,1,1,1
294,99,4,ChatGPT,1,0,0,1,1,0,1,1,1,1,1,0,0,1,0,0,0,1,0,0,0,0
295,99,1,Claude,0,0,1,0,0,0,1,1,0,0,0,1,0,0,0,1,0,0,0,1,0,0
296,99,4,Gemini,1,1,0,1,1,1,0,0,1,1,1,0,0,1,0,0,0,1,1,0,0,0
297,100,3,ChatGPT,1,0,0,1,1,0,0,0,1,1,1,0,0,1,0,0,0,1,0,0,0,0
298,100,1,Claude,0,0,0,0,0,0,0,1,0,0,0,0,0,0,0,0,0,1,0,0,0,0
299,100,2,Gemini,0,0,0,1,0,0,1,1,1,1,1,1,1,0,0,0,1,0,0,0,0,0
300,101,4,ChatGPT,1,1,1,1,1,1,1,1,1,1,1,1,1,1,1,0,1,0,0,0,1,1
301,101,3,Claude,1,0,1,1,1,0,0,0,1,1,1,0,1,0,0,0,1,1,1,0,0,0
302,101,3,Gemini,1,0,1,1,1,0,1,1,1,1,1,1,1,0,0,0,1,0,0,1,0,0
303,102,5,ChatGPT,1,1,1,1,1,1,1,1,1,1,1,0,0,1,0,0,0,1,0,0,0,0
304,102,1,Claude,0,0,0,0,0,0,0,0,1,0,0,0,0,0,0,0,0,1,0,0,0,0
305,102,3,Gemini,0,1,0,0,0,1,0,1,0,0,0,0,0,0,0,0,0,1,0,0,0,0
306,103,5,ChatGPT,0,0,0,0,1,0,0,1,1,0,0,1,0,0,0,0,0,1,0,0,0,0
307,103,4,Claude,0,0,1,0,0,0,0,1,0,0,0,1,0,0,0,0,0,0,0,0,0,0
308,103,1,Gemini,0,0,0,0,1,0,0,0,0,0,0,1,0,0,0,0,0,0,0,0,0,0
309,104,3,ChatGPT,0,1,1,1,1,1,0,0,0,1,1,1,0,0,0,0,0,1,0,1,0,0
310,104,3,Claude,1,0,1,0,0,0,0,0,0,0,0,0,0,0,0,0,0,1,1,1,0,0
311,104,1,Gemini,1,0,0,0,0,0,0,0,0,0,0,0,0,0,0,0,0,1,0,0,0,0
312,105,5,ChatGPT,1,0,0,1,1,0,0,1,1,1,1,0,0,1,0,0,0,1,0,0,0,0
313,105,4,Claude,1,0,0,1,1,0,0,0,1,1,1,0,0,0,0,0,0,1,1,0,0,0
314,105,3,Gemini,1,1,1,0,1,1,0,1,0,0,0,0,0,0,0,0,0,1,0,1,0,0
315,106,5,ChatGPT,1,1,0,1,1,1,1,0,0,1,1,1,0,0,0,0,0,0,1,1,0,0
316,106,3,Claude,0,0,0,0,0,0,1,1,0,0,0,0,1,0,0,0,1,0,0,1,0,0
317,106,3,Gemini,0,0,0,0,1,0,0,0,0,0,0,0,1,0,0,0,1,0,1,0,0,0
318,107,3,ChatGPT,0,0,0,1,0,0,0,0,0,1,1,0,0,0,1,0,0,0,0,0,1,1
319,107,3,Claude,0,0,0,1,0,0,0,0,0,1,1,0,0,0,0,1,0,0,0,0,0,0
320,107,3,Gemini,1,0,0,0,0,0,0,0,0,0,0,0,0,0,0,1,0,1,0,0,0,0
321,108,3,ChatGPT,1,0,0,0,1,0,0,0,0,0,0,0,0,0,0,0,0,0,1,1,0,0
322,108,2,Claude,1,0,0,1,1,0,0,1,1,1,1,0,0,1,1,0,0,1,0,0,1,1
323,108,4,Gemini,0,1,0,0,0,1,0,1,0,0,0,0,0,1,1,0,0,0,0,0,1,1
324,109,2,ChatGPT,1,0,0,0,1,0,0,0,0,0,0,0,1,0,0,0,1,1,1,0,0,0
325,109,1,Claude,1,0,0,0,1,0,0,0,0,0,0,0,0,1,0,0,0,1,1,0,0,0
326,109,2,Gemini,1,0,1,0,1,0,0,0,0,0,0,0,0,0,0,0,0,1,1,0,0,0
327,110,4,ChatGPT,1,1,1,1,1,1,1,1,1,1,1,0,0,1,0,0,0,1,1,0,0,0
328,110,4,Claude,0,0,0,0,0,0,0,1,0,0,0,0,0,0,0,0,0,1,0,0,0,0
329,110,1,Gemini,0,1,0,1,0,1,0,0,1,1,1,0,0,0,0,0,0,1,0,0,0,0
330,111,5,ChatGPT,0,1,0,1,1,1,0,1,1,1,1,1,0,1,0,0,0,0,0,0,0,0
331,111,2,Claude,0,0,1,0,0,0,0,1,0,0,0,1,0,0,1,0,0,0,0,1,1,1
332,111,2,Gemini,0,0,0,1,1,0,0,0,1,1,1,1,0,0,0,0,0,1,0,0,0,0
333,112,5,ChatGPT,0,0,1,1,1,0,0,1,0,1,1,1,0,0,0,0,0,1,0,1,0,0
334,112,2,Claude,1,0,1,1,0,0,0,0,1,1,1,0,0,0,1,0,0,1,0,1,1,1
335,112,1,Gemini,0,1,1,0,0,1,0,1,0,0,0,1,0,0,1,1,0,1,0,1,1,1
336,113,3,ChatGPT,0,1,0,1,1,1,0,0,1,1,1,1,0,0,1,0,0,1,1,0,1,1
337,113,1,Claude,0,1,0,0,1,1,0,1,0,0,0,1,0,0,1,0,0,1,0,1,1,1
338,113,1,Gemini,0,1,0,1,0,1,0,0,0,1,1,1,0,1,1,1,0,1,1,0,1,1
339,114,3,ChatGPT,0,0,1,0,1,0,0,0,0,0,0,1,1,0,0,0,1,0,1,0,0,0
340,114,1,Claude,0,1,0,0,1,1,0,0,0,0,0,1,0,0,0,0,0,0,0,1,0,0
341,114,3,Gemini,0,1,0,0,0,1,0,1,0,0,0,0,1,0,0,0,1,0,1,0,0,0
342,115,4,ChatGPT,0,0,0,1,1,0,0,0,1,1,1,0,0,0,0,0,0,1,1,0,0,0
343,115,5,Claude,0,1,1,0,0,1,1,1,0,0,0,1,0,0,0,0,0,0,0,0,0,0
344,115,3,Gemini,0,0,1,0,1,0,0,0,0,0,0,0,0,1,0,0,0,1,1,0,0,0
345,116,3,ChatGPT,0,1,1,1,1,1,0,1,1,1,1,1,0,0,0,0,0,1,0,0,0,0
346,116,2,Claude,0,1,1,1,1,1,0,1,1,1,1,1,0,0,0,0,0,1,0,0,0,0
347,116,1,Gemini,1,0,0,0,0,0,0,0,0,0,0,0,0,0,0,0,0,1,1,0,0,0
348,117,5,ChatGPT,0,0,0,1,1,0,1,1,0,1,1,0,0,1,0,0,0,0,0,0,0,0
349,117,4,Claude,0,0,0,1,1,0,0,1,1,1,1,1,1,0,0,0,1,1,0,0,0,0
350,117,3,Gemini,1,0,0,1,1,0,0,0,1,1,1,0,1,0,0,0,1,1,1,0,0,0
351,118,5,ChatGPT,0,0,1,1,1,0,0,0,0,1,1,1,0,0,0,0,0,1,0,1,0,0
352,118,2,Claude,1,0,0,0,0,0,0,1,1,0,0,0,1,0,0,0,1,1,0,0,0,0
353,118,3,Gemini,0,0,0,0,1,0,1,1,0,0,0,1,0,0,1,0,0,0,0,1,1,1
354,119,4,ChatGPT,1,0,0,1,1,0,0,0,1,1,1,0,0,0,0,0,0,1,1,0,0,0
355,119,4,Claude,1,0,0,1,1,0,0,0,1,1,1,0,0,1,0,0,0,1,0,0,0,0
356,119,3,Gemini,0,0,1,0,1,0,1,0,0,0,0,0,0,0,0,0,0,0,1,0,0,0
357,120,4,ChatGPT,1,1,1,1,1,1,0,1,0,1,1,0,1,0,0,0,1,1,0,1,0,0
358,120,4,Claude,0,0,1,0,1,0,1,1,0,0,0,0,0,0,0,1,0,1,0,0,0,0
359,120,2,Gemini,0,1,1,1,0,1,0,0,0,1,1,0,1,0,0,1,1,1,1,0,0,0
360,121,2,ChatGPT,0,0,0,0,0,0,0,1,0,0,0,0,0,1,0,0,0,1,0,1,0,0
361,121,2,Claude,0,0,0,0,0,0,0,1,0,0,0,1,1,1,0,0,1,1,0,1,0,0
362,121,1,Gemini,1,0,0,0,0,0,0,0,0,0,0,0,0,0,0,0,0,1,0,0,0,0
363,122,3,ChatGPT,1,1,1,0,1,1,0,0,0,0,0,0,0,0,1,0,0,1,1,1,1,1
364,122,2,Claude,1,0,1,1,1,0,0,0,0,1,1,0,1,0,0,0,1,1,1,0,0,0
365,122,3,Gemini,1,0,1,0,1,0,0,0,1,0,0,0,1,0,1,0,1,1,1,0,1,1
366,123,3,ChatGPT,0,0,0,1,0,0,0,0,1,1,1,1,0,0,0,0,0,1,1,0,0,0
367,123,2,Claude,0,0,1,0,0,0,1,1,0,0,0,0,0,0,0,1,0,0,1,0,0,0
368,123,1,Gemini,1,0,0,0,1,0,0,0,0,0,0,0,0,0,0,0,0,1,1,0,0,0
369,124,3,ChatGPT,1,0,0,1,1,0,0,0,0,1,1,0,0,0,0,0,0,1,1,0,0,0
370,124,1,Claude,0,0,1,0,0,0,0,1,0,0,0,0,0,1,0,0,0,1,0,0,0,0
371,124,1,Gemini,0,0,0,0,0,0,0,1,0,0,0,0,0,0,0,0,0,1,0,0,0,0
372,125,5,ChatGPT,1,1,1,0,1,1,0,0,0,0,0,0,0,0,1,0,0,0,1,1,1,1
373,125,3,Claude,0,1,0,0,0,1,0,1,0,0,0,0,0,0,0,0,0,1,0,0,0,0
374,125,3,Gemini,0,0,1,0,0,0,0,0,0,0,0,0,1,1,0,0,1,1,0,0,0,0
375,126,1,ChatGPT,1,0,0,1,1,0,0,0,0,1,1,0,1,1,0,0,1,1,0,0,0,0
376,126,4,Claude,0,1,1,0,0,1,1,1,0,0,0,0,0,0,0,1,0,0,0,0,0,0
377,126,1,Gemini,1,0,0,1,1,0,0,0,0,1,1,0,0,0,0,1,0,0,0,0,0,0
378,127,4,ChatGPT,0,0,0,1,1,0,0,1,0,1,1,0,1,1,0,0,1,0,0,0,0,0
379,127,4,Claude,0,0,1,0,1,0,0,1,0,0,0,0,0,0,1,0,0,0,0,1,1,1
380,127,4,Gemini,1,0,0,0,1,0,0,1,1,0,0,0,0,1,0,0,0,0,0,0,0,0
381,128,5,ChatGPT,0,0,0,1,1,0,1,1,1,1,1,1,0,0,0,0,0,1,0,0,0,0
382,128,1,Claude,0,0,0,0,0,0,0,1,0,0,0,0,0,0,0,0,0,0,1,0,0,0
383,128,1,Gemini,0,0,0,0,0,0,1,0,0,0,0,0,0,0,0,0,0,1,0,0,0,0
384,129,4,ChatGPT,1,0,0,1,1,0,0,1,1,1,1,0,1,1,0,0,1,1,1,0,0,0
385,129,2,Claude,1,0,0,1,1,0,0,0,1,1,1,0,1,1,0,0,1,1,1,0,0,0
386,129,5,Gemini,0,1,1,0,1,1,1,0,0,0,0,1,0,0,1,0,0,0,0,1,1,1
387,130,4,ChatGPT,0,0,0,0,1,0,0,0,1,0,0,0,0,0,0,0,0,1,1,0,0,0
388,130,3,Claude,0,0,0,0,1,0,0,0,0,0,0,0,0,0,0,0,0,1,1,0,0,0
389,130,3,Gemini,0,0,0,0,0,0,0,1,1,0,0,0,0,0,0,0,0,0,1,0,0,0
390,131,4,ChatGPT,0,1,0,1,1,1,0,0,1,1,1,1,0,1,0,0,0,1,0,0,0,0
391,131,2,Claude,0,0,0,0,1,0,0,0,0,0,0,0,0,0,0,1,0,0,0,0,0,0
392,131,3,Gemini,0,0,0,0,1,0,0,0,0,0,0,0,0,0,0,1,0,1,0,0,0,0
393,132,4,ChatGPT,1,0,0,1,1,0,0,0,1,1,1,0,0,1,0,0,0,1,1,0,0,0
394,132,1,Claude,0,0,1,1,1,0,0,1,0,1,1,1,0,0,0,1,0,0,0,1,0,0
395,132,1,Gemini,1,0,0,0,1,0,0,0,0,0,0,0,1,1,0,0,1,1,1,0,0,0
396,133,4,ChatGPT,0,1,0,1,1,1,0,0,1,1,1,1,0,1,0,0,0,1,1,0,0,0
397,133,2,Claude,0,1,0,0,1,1,0,0,1,0,0,0,0,1,0,0,0,0,0,0,0,0
398,133,3,Gemini,1,1,0,1,0,1,0,0,1,1,1,0,0,0,0,0,0,1,1,0,0,0
399,134,3,ChatGPT,1,0,0,1,1,0,0,0,0,1,1,0,0,1,0,0,0,1,1,0,0,0
400,134,2,Claude,0,0,1,0,0,0,0,1,1,0,0,0,0,0,0,1,0,0,0,0,0,0
401,134,1,Gemini,1,0,0,0,0,0,0,0,0,0,0,0,0,0,0,0,0,1,0,0,0,0
402,135,4,ChatGPT,1,0,0,1,1,0,0,0,1,1,1,0,1,0,0,0,1,1,0,0,0,0
403,135,2,Claude,0,0,0,0,1,0,0,0,0,0,0,0,0,0,0,0,0,1,1,0,0,0
404,135,4,Gemini,1,0,1,0,0,0,1,1,1,0,0,0,0,0,0,0,0,1,1,0,0,0
405,136,4,ChatGPT,0,1,0,1,1,1,0,0,1,1,1,1,0,1,0,0,0,1,1,0,0,0
406,136,3,Claude,0,0,0,0,1,0,1,0,0,0,0,0,1,0,0,0,1,0,0,0,0,0
407,136,1,Gemini,1,0,0,0,1,0,0,0,0,0,0,0,0,1,1,0,0,1,1,1,1,1
408,137,4,ChatGPT,1,1,0,1,1,1,0,1,1,1,1,1,0,1,0,0,0,1,0,0,0,0
409,137,4,Claude,1,1,1,0,0,1,0,1,0,0,0,0,0,0,1,0,0,1,1,1,1,1
410,137,1,Gemini,0,0,0,0,0,0,0,0,0,0,0,0,0,0,0,0,0,0,0,0,0,0
411,138,4,ChatGPT,0,1,0,0,0,1,1,0,0,0,0,0,0,1,0,1,0,0,1,1,0,0
412,138,3,Claude,1,1,1,0,1,1,1,1,0,0,0,1,1,1,1,1,1,1,1,1,1,1
413,138,3,Gemini,1,1,1,0,1,1,1,1,0,0,0,1,1,1,1,1,1,1,1,1,1,1
414,139,5,ChatGPT,1,0,0,1,1,0,0,1,1,1,1,0,0,1,0,0,0,1,0,0,0,0
415,139,4,Claude,0,0,1,1,1,0,1,1,1,1,1,1,0,0,0,0,0,0,0,0,0,0
416,139,2,Gemini,0,0,0,0,1,0,1,0,1,0,0,1,0,0,0,0,0,0,0,0,0,0
417,140,2,ChatGPT,0,1,0,0,1,1,0,1,0,0,0,1,0,1,0,0,0,1,0,1,0,0
418,140,3,Claude,1,0,1,0,1,0,1,1,0,0,0,0,0,0,0,0,0,0,0,1,0,0
419,140,2,Gemini,1,1,1,0,0,1,1,1,0,0,0,0,0,0,0,1,0,0,0,0,0,0
420,141,4,ChatGPT,1,0,1,1,1,0,1,1,1,1,1,0,1,0,0,0,1,0,0,0,0,0
421,141,1,Claude,0,0,0,1,0,0,0,0,1,1,1,0,0,0,0,0,0,1,1,0,0,0
422,141,1,Gemini,0,0,0,0,0,0,0,1,0,0,0,0,1,0,0,0,1,0,0,1,0,0
423,142,4,ChatGPT,1,1,1,0,0,1,1,1,0,0,0,0,0,0,1,1,0,0,0,0,1,1
424,142,1,Claude,0,0,1,0,0,0,1,1,0,0,0,0,0,0,1,0,0,0,0,1,1,1
425,142,1,Gemini,0,0,0,0,0,0,1,1,0,0,0,0,0,0,1,0,0,0,0,0,1,1
426,143,4,ChatGPT,0,1,0,1,1,1,0,0,1,1,1,0,0,0,0,0,0,1,1,0,0,0
427,143,3,Claude,0,0,0,0,0,0,0,1,0,0,0,0,0,1,0,0,0,0,0,0,0,0
428,143,2,Gemini,0,0,0,0,0,0,1,0,0,0,0,0,0,0,0,0,0,1,0,0,0,0
429,144,4,ChatGPT,1,0,0,1,1,0,0,0,1,1,1,0,1,1,0,0,1,1,1,0,0,0
430,144,4,Claude,0,0,0,1,1,0,1,1,1,1,1,0,0,0,0,0,0,0,1,0,0,0
431,144,3,Gemini,1,0,0,1,1,0,1,0,1,1,1,0,0,0,0,1,0,0,0,1,0,0
432,145,4,ChatGPT,0,1,0,0,1,1,0,0,0,0,0,1,0,0,0,0,0,1,0,0,0,0
433,145,3,Claude,0,0,0,1,0,0,0,0,1,1,1,0,0,0,0,0,0,1,0,0,0,0
434,145,4,Gemini,0,0,0,1,0,0,1,0,0,1,1,0,0,0,0,0,0,0,1,0,0,0
435,146,3,ChatGPT,1,1,1,1,1,1,0,1,0,1,1,0,0,0,0,0,0,1,1,1,0,0
436,146,3,Claude,0,0,0,0,0,0,1,1,0,0,0,1,0,0,0,0,0,0,0,0,0,0
437,146,3,Gemini,1,0,0,1,0,0,0,1,0,1,1,0,0,1,0,0,0,0,0,0,0,0
438,147,4,ChatGPT,1,0,0,1,1,0,0,0,1,1,1,0,0,1,0,0,0,1,1,0,0,0
439,147,5,Claude,0,0,1,1,1,0,1,1,0,1,1,1,0,0,0,0,0,0,0,1,0,0
440,147,2,Gemini,1,0,0,1,0,0,0,1,1,1,1,0,0,0,0,1,0,0,0,0,0,0
441,148,5,ChatGPT,0,1,0,1,1,1,0,1,0,1,1,1,0,1,0,0,0,0,0,1,0,0
442,148,3,Claude,0,1,0,1,1,1,0,1,0,1,1,1,0,0,0,0,0,0,0,1,0,0
443,148,3,Gemini,0,0,0,1,1,0,0,1,0,1,1,1,0,1,0,0,0,1,0,1,0,0
444,149,5,ChatGPT,0,0,0,0,1,0,0,1,0,0,0,0,0,1,0,0,0,1,0,1,0,0
445,149,1,Claude,0,0,0,1,0,0,1,0,0,1,1,0,0,1,0,0,0,0,1,0,0,0
446,149,1,Gemini,1,1,0,1,0,1,0,0,1,1,1,0,0,1,0,1,0,1,0,0,0,0
447,150,4,ChatGPT,0,0,1,0,1,0,1,0,1,0,0,0,1,0,1,0,1,0,1,0,1,1
448,150,2,Claude,1,0,0,0,1,0,0,1,0,0,0,0,0,0,1,0,0,0,0,1,1,1
449,150,3,Gemini,0,0,0,0,1,0,0,0,0,0,0,0,1,1,1,0,1,0,0,1,1,1
450,151,4,ChatGPT,1,1,1,0,1,1,1,1,1,0,0,0,0,0,1,0,0,0,0,0,1,1
451,151,1,Claude,0,0,0,0,0,0,0,0,0,0,0,0,0,0,0,0,0,0,0,0,0,0
452,151,1,Gemini,0,0,0,0,0,0,0,0,0,0,0,0,0,0,0,0,0,0,0,0,0,0
453,152,4,ChatGPT,1,1,0,1,1,1,0,0,0,1,1,0,0,1,0,0,0,1,1,1,0,0
454,152,1,Claude,1,1,1,1,1,1,1,0,0,1,1,0,0,0,0,0,0,0,1,1,0,0
455,152,3,Gemini,1,0,0,1,1,0,0,0,0,1,1,0,1,1,0,0,1,1,1,1,0,0
456,153,2,ChatGPT,1,0,1,0,1,0,1,1,0,0,0,0,0,0,1,0,0,0,0,1,1,1
457,153,1,Claude,1,0,1,0,1,0,1,1,0,0,0,0,0,0,1,0,0,0,0,1,1,1
458,153,4,Gemini,1,0,1,0,1,0,1,1,0,0,0,0,0,0,1,0,0,0,1,1,1,1
459,154,4,ChatGPT,1,1,1,1,1,1,1,1,1,1,1,1,0,1,0,0,0,1,0,0,0,0
460,154,3,Claude,0,0,0,0,0,0,0,1,0,0,0,1,0,0,0,0,0,0,0,0,0,0
461,154,3,Gemini,0,0,0,0,0,0,0,1,0,0,0,1,0,0,0,1,0,0,0,0,0,0
462,155,3,ChatGPT,1,1,0,1,1,1,0,0,0,1,1,0,0,0,0,0,0,1,1,1,0,0
463,155,1,Claude,1,0,0,0,0,0,0,0,0,0,0,0,1,1,1,1,1,1,1,1,1,1
464,155,1,Gemini,1,0,0,0,0,0,0,0,0,0,0,0,1,1,1,1,1,1,1,1,1,1
465,156,5,ChatGPT,1,0,0,1,1,0,0,0,1,1,1,0,0,1,0,0,0,1,1,0,0,0
466,156,2,Claude,0,0,0,1,0,0,0,0,1,1,1,0,0,0,0,0,0,0,1,0,0,0
467,156,4,Gemini,1,0,0,1,0,0,0,0,1,1,1,0,0,0,0,0,0,0,0,1,0,0
468,157,4,ChatGPT,0,0,0,1,1,0,0,1,0,1,1,0,0,0,0,1,0,0,1,0,0,0
469,157,2,Claude,1,0,0,1,0,0,0,0,1,1,1,0,1,0,0,0,1,1,1,0,0,0
470,157,3,Gemini,0,1,1,0,0,1,0,1,0,0,0,0,1,1,0,0,1,0,0,0,0,0
471,158,4,ChatGPT,1,0,1,1,1,0,0,0,0,1,1,0,1,0,0,0,1,1,1,1,0,0
472,158,1,Claude,0,1,1,0,0,1,1,1,0,0,0,1,0,0,1,0,0,0,0,1,1,1
473,158,3,Gemini,1,0,0,1,0,0,1,1,0,1,1,0,1,1,0,1,1,0,1,0,0,0
474,159,5,ChatGPT,0,1,1,1,1,1,0,1,0,1,1,1,0,0,0,0,0,1,0,0,0,0
475,159,2,Claude,0,0,0,0,0,0,0,1,0,0,0,1,0,0,0,0,0,0,0,0,0,0
476,159,3,Gemini,0,0,1,0,0,0,0,1,0,0,0,0,0,0,0,0,0,1,0,0,0,0
477,160,4,ChatGPT,1,1,0,1,1,1,0,0,0,1,1,0,0,1,0,0,0,1,0,0,0,0
478,160,2,Claude,1,0,0,0,1,0,0,0,0,0,0,0,0,1,0,0,0,1,0,0,0,0
479,160,2,Gemini,0,1,0,0,0,1,0,0,0,0,0,0,1,0,0,0,1,0,0,0,0,0
480,161,4,ChatGPT,0,0,1,0,1,0,0,1,0,0,0,1,0,0,0,0,0,0,0,0,0,0
481,161,1,Claude,0,0,0,0,0,0,0,1,0,0,0,1,0,0,0,0,0,0,0,0,0,0
482,161,1,Gemini,0,0,0,0,0,0,0,1,0,0,0,1,0,0,0,0,0,0,0,0,0,0
483,162,4,ChatGPT,0,1,0,1,1,1,0,1,0,1,1,0,0,1,0,0,0,1,0,1,0,0
484,162,1,Claude,0,1,0,1,1,1,0,1,0,1,1,0,0,1,0,0,0,1,0,1,0,0
485,162,1,Gemini,0,1,0,1,1,1,0,1,0,1,1,0,0,1,0,0,0,1,0,1,0,0
486,163,4,ChatGPT,1,1,0,1,1,1,0,1,1,1,1,0,0,1,0,0,0,1,1,0,0,0
487,163,3,Claude,0,0,0,0,0,0,0,0,0,0,0,0,0,0,0,0,0,0,0,0,0,0
488,163,2,Gemini,1,1,0,0,0,1,0,1,0,0,0,0,0,0,1,1,0,0,0,1,1,1
489,164,4,ChatGPT,1,1,0,1,1,1,0,0,0,1,1,0,0,0,0,0,0,1,1,1,0,0
490,164,1,Claude,0,0,0,0,0,0,1,1,0,0,0,1,0,0,0,0,0,1,1,1,0,0
491,164,4,Gemini,0,0,0,0,1,0,0,1,0,0,0,1,0,0,0,0,0,0,0,1,0,0
492,165,4,ChatGPT,0,0,0,0,1,0,0,0,0,0,0,0,0,1,0,0,0,1,1,0,0,0
493,165,1,Claude,0,0,0,0,0,0,0,0,0,0,0,0,0,0,0,0,0,0,0,0,0,0
494,165,1,Gemini,0,0,0,0,0,0,0,1,0,0,0,0,0,0,0,0,0,0,0,0,0,0
495,166,3,ChatGPT,1,1,0,0,0,1,0,0,0,0,0,0,0,0,0,1,0,1,1,0,0,0
496,166,1,Claude,0,0,0,0,0,0,0,0,1,0,0,0,0,0,0,0,0,0,0,1,0,0
497,166,1,Gemini,0,0,0,0,0,0,1,0,0,0,0,0,0,1,0,0,0,0,0,0,0,0
498,167,4,ChatGPT,0,0,1,0,1,0,0,1,0,0,0,1,0,0,1,0,0,1,1,1,1,1
499,167,3,Claude,0,0,1,0,0,0,0,1,0,0,0,1,0,0,0,1,0,0,0,1,0,0
500,167,4,Gemini,1,1,1,0,0,1,0,0,0,0,0,0,0,0,0,1,0,1,1,0,0,0
501,168,3,ChatGPT,0,1,0,1,1,1,0,0,0,1,1,1,0,0,0,0,0,1,1,0,0,0
502,168,4,Claude,1,0,1,1,1,0,0,0,1,1,1,0,1,0,0,0,1,1,1,0,0,0
503,168,4,Gemini,1,0,1,0,0,0,1,1,0,0,0,1,1,1,1,1,1,0,0,0,1,1
504,169,4,ChatGPT,0,0,0,0,1,0,0,0,1,0,0,1,1,1,1,0,1,1,1,0,1,1
505,169,3,Claude,1,0,0,1,0,0,0,0,1,1,1,0,1,1,0,1,1,1,1,0,0,0
506,169,4,Gemini,0,0,0,0,1,0,0,1,0,0,0,0,0,1,0,0,0,1,0,0,0,0
507,170,4,ChatGPT,1,0,0,1,1,0,0,0,0,1,1,0,1,0,0,0,1,1,1,0,0,0
508,170,2,Claude,1,1,0,1,0,1,0,1,1,1,1,0,0,0,0,0,0,0,1,0,0,0
509,170,1,Gemini,1,0,0,1,0,0,0,0,0,1,1,0,1,1,0,0,1,1,1,1,0,0
510,171,3,ChatGPT,1,1,0,0,1,1,0,0,1,0,0,0,0,1,0,0,0,1,1,0,0,0
511,171,4,Claude,0,0,1,0,0,0,1,1,0,0,0,0,0,0,1,0,0,0,0,1,1,1
512,171,2,Gemini,1,0,0,1,0,0,0,0,0,1,1,0,0,1,0,0,0,0,1,0,0,0
513,172,5,ChatGPT,1,0,0,1,1,0,0,0,1,1,1,0,1,1,0,0,1,1,1,0,0,0
514,172,4,Claude,0,0,0,1,1,0,0,1,1,1,1,1,1,0,0,0,1,1,0,0,0,0
515,172,3,Gemini,0,1,1,0,1,1,1,0,0,0,0,1,1,0,0,0,1,1,0,1,0,0
516,173,5,ChatGPT,1,1,1,0,1,1,1,1,0,0,0,1,1,0,1,1,1,0,1,1,1,1
517,173,3,Claude,1,1,1,1,0,1,0,1,1,1,1,1,0,0,0,0,0,1,0,0,0,0
518,173,3,Gemini,0,0,1,0,1,0,1,0,0,0,0,1,0,1,1,0,0,0,1,1,1,1
519,174,3,ChatGPT,1,1,0,1,0,1,0,0,1,1,1,0,0,0,0,0,0,1,1,0,0,0
520,174,3,Claude,0,0,1,0,0,0,0,1,0,0,0,0,0,1,0,0,0,0,0,0,0,0
521,174,3,Gemini,1,1,0,1,0,1,0,0,0,1,1,0,0,0,0,0,0,0,1,0,0,0
522,175,3,ChatGPT,1,1,0,1,1,1,0,0,1,1,1,1,0,1,0,0,0,1,1,0,0,0
523,175,4,Claude,0,0,1,0,0,0,1,1,0,0,0,1,0,0,0,1,0,0,0,0,0,0
524,175,4,Gemini,1,1,1,0,1,1,0,0,0,0,0,0,0,0,0,0,0,1,1,0,0,0
525,176,4,ChatGPT,1,0,1,1,1,0,0,1,1,1,1,1,0,1,0,0,0,0,1,0,0,0
526,176,4,Claude,1,0,0,1,1,0,0,0,1,1,1,0,0,0,0,0,0,0,0,0,0,0
527,176,4,Gemini,1,0,1,1,1,0,1,0,1,1,1,1,0,0,1,1,0,0,0,0,1,1
528,177,2,ChatGPT,1,1,0,0,1,1,0,0,0,0,0,0,0,0,0,0,0,1,1,0,0,0
529,177,2,Claude,1,1,0,0,0,1,0,1,0,0,0,0,0,0,0,1,0,1,0,0,0,0
530,177,1,Gemini,1,0,0,0,0,0,0,0,0,0,0,0,0,0,0,0,0,1,0,0,0,0
531,178,2,ChatGPT,0,1,0,1,1,1,0,1,1,1,1,0,0,1,0,0,0,1,0,0,0,0
532,178,2,Claude,0,0,0,0,1,0,0,0,1,0,0,1,0,1,0,0,0,1,0,0,0,0
533,178,4,Gemini,0,1,1,1,0,1,0,1,1,1,1,0,0,0,0,0,0,1,0,0,0,0
534,179,5,ChatGPT,0,0,0,1,1,0,1,0,0,1,1,0,0,1,0,0,0,1,1,0,0,0
535,179,4,Claude,0,0,1,0,0,0,1,1,0,0,0,1,1,0,0,0,1,0,0,0,0,0
536,179,2,Gemini,0,0,0,0,0,0,0,0,1,0,0,0,0,0,0,0,0,0,0,1,0,0
537,180,4,ChatGPT,1,1,0,1,1,1,0,0,1,1,1,0,0,0,1,0,0,1,1,0,1,1
538,180,4,Claude,1,0,1,0,0,0,0,1,0,0,0,0,0,0,1,1,0,1,0,1,1,1
539,180,2,Gemini,0,0,0,0,0,0,1,0,0,0,0,1,0,1,0,1,0,0,1,1,0,0
540,181,4,ChatGPT,1,1,1,1,1,1,0,1,1,1,1,0,0,0,0,0,0,1,0,1,0,0
541,181,3,Claude,0,0,0,0,0,0,0,0,1,0,0,0,0,0,0,1,0,1,0,0,0,0
542,181,3,Gemini,1,0,1,0,0,0,0,1,0,0,0,0,0,0,0,0,0,1,0,0,0,0
543,182,5,ChatGPT,1,1,0,1,1,1,0,1,1,1,1,0,0,1,0,0,0,1,0,1,0,0
544,182,3,Claude,0,1,0,0,0,1,0,1,0,0,0,1,0,0,1,0,0,0,0,1,1,1
545,182,1,Gemini,0,0,0,0,0,0,0,0,0,0,0,0,0,0,0,0,0,0,0,0,0,0
546,183,4,ChatGPT,1,1,0,1,1,1,0,0,0,1,1,0,0,0,0,0,0,1,1,0,0,0
547,183,1,Claude,1,0,1,0,0,0,0,0,0,0,0,0,0,0,0,0,0,0,0,1,0,0
548,183,3,Gemini,1,0,0,0,0,0,0,0,1,0,0,0,0,0,0,0,0,1,1,0,0,0
549,184,4,ChatGPT,1,1,1,1,1,1,1,0,1,1,1,0,0,0,0,0,0,0,1,0,0,0
550,184,3,Claude,0,0,1,0,0,0,0,1,0,0,0,0,1,0,0,1,1,0,0,1,0,0
551,184,3,Gemini,1,0,0,1,1,0,0,0,1,1,1,0,0,1,0,0,0,1,0,0,0,0
552,185,4,ChatGPT,0,0,0,1,1,0,0,1,0,1,1,1,0,1,0,0,0,0,0,0,0,0
553,185,3,Claude,0,0,1,1,0,0,0,0,1,1,1,0,0,0,0,0,0,0,1,0,0,0
554,185,4,Gemini,0,0,0,0,1,0,0,0,0,0,0,0,0,0,0,0,0,0,1,0,0,0
555,186,5,ChatGPT,0,0,0,1,1,0,0,1,0,1,1,0,0,0,0,0,0,1,0,1,0,0
556,186,4,Claude,1,0,0,0,0,0,0,0,1,0,0,0,0,0,0,1,0,0,0,0,0,0
557,186,1,Gemini,1,0,0,0,0,0,0,0,0,0,0,1,0,1,1,0,0,0,1,1,1,1
558,187,4,ChatGPT,1,0,0,0,1,0,0,1,0,0,0,0,0,1,1,0,0,0,1,1,1,1
559,187,4,Claude,1,0,0,1,1,0,0,1,1,1,1,0,0,0,1,0,0,0,1,1,1,1
560,187,2,Gemini,1,0,0,0,1,0,0,1,0,0,0,0,1,1,1,0,1,1,1,0,1,1
561,188,4,ChatGPT,0,0,0,0,1,0,0,1,1,0,0,0,1,0,0,0,1,1,0,0,0,0
562,188,4,Claude,1,0,1,0,0,0,0,1,1,0,0,0,1,0,0,0,1,1,0,0,0,0
563,188,5,Gemini,1,0,1,0,1,0,0,0,1,0,0,0,0,0,0,0,0,0,1,0,0,0
564,189,2,ChatGPT,1,0,0,1,0,0,0,0,1,1,1,0,1,1,0,0,1,1,1,0,0,0
565,189,2,Claude,0,1,1,0,1,1,1,1,0,0,0,0,1,1,0,1,1,1,1,0,0,0
566,189,2,Gemini,0,1,1,0,1,1,0,0,0,0,0,0,1,1,0,0,1,1,1,0,0,0
567,190,3,ChatGPT,0,1,0,1,0,1,0,0,0,1,1,1,0,1,0,1,0,1,1,1,0,0
568,190,4,Claude,0,0,1,0,1,0,1,1,0,0,0,1,0,0,0,0,0,0,0,1,0,0
569,190,1,Gemini,0,1,0,0,0,1,0,0,0,0,0,1,0,0,0,0,0,0,0,0,0,0
570,191,5,ChatGPT,1,0,0,1,1,0,0,0,1,1,1,0,1,1,0,0,1,1,1,0,0,0
571,191,5,Claude,0,1,1,1,0,1,1,1,1,1,1,1,0,0,0,1,0,0,0,0,0,0
572,191,3,Gemini,1,0,1,0,1,0,0,1,0,0,0,0,1,0,0,0,1,0,0,0,0,0
573,192,5,ChatGPT,1,0,0,1,1,0,0,1,1,1,1,0,0,0,0,0,0,1,0,0,0,0
574,192,3,Claude,1,1,1,0,0,1,0,1,1,0,0,0,0,0,0,1,0,1,0,0,0,0
575,192,1,Gemini,1,0,0,1,0,0,0,0,0,1,1,0,1,1,0,1,1,1,1,1,0,0
576,193,4,ChatGPT,0,1,1,1,1,1,0,0,0,1,1,1,0,0,0,0,0,1,1,0,0,0
577,193,1,Claude,1,0,0,1,0,0,0,1,1,1,1,0,0,0,0,0,0,1,0,0,0,0
578,193,1,Gemini,1,0,0,0,0,0,0,0,0,0,0,0,0,0,0,0,0,1,0,0,0,0
579,194,4,ChatGPT,0,1,0,0,1,1,0,0,0,0,0,1,0,1,0,0,0,1,1,1,0,0
580,194,4,Claude,0,0,0,0,0,0,0,1,0,0,0,1,0,0,1,1,0,0,0,1,1,1
581,194,1,Gemini,0,0,0,0,1,0,0,0,0,0,0,1,1,1,1,1,1,1,1,1,1,1
582,195,3,ChatGPT,1,1,1,1,1,1,1,0,1,1,1,0,0,1,0,0,0,0,1,0,0,0
583,195,2,Claude,0,0,0,0,0,0,0,1,0,0,0,1,0,0,0,0,0,0,0,0,0,0
584,195,1,Gemini,0,1,0,1,0,1,1,0,1,1,1,0,0,0,0,0,0,0,1,0,0,0
585,196,4,ChatGPT,0,1,0,1,0,1,1,1,0,1,1,1,0,0,0,1,0,0,0,0,0,0
586,196,1,Claude,0,0,0,0,0,0,0,1,0,0,0,1,0,0,0,1,0,0,0,1,0,0
587,196,2,Gemini,0,1,0,1,0,1,0,0,1,1,1,0,0,1,0,0,0,1,0,0,0,0
588,197,5,ChatGPT,1,0,0,1,1,0,0,0,1,1,1,0,1,1,0,0,1,1,1,0,0,0
589,197,1,Claude,0,1,0,0,1,1,0,0,1,0,0,1,0,1,1,0,0,1,1,0,1,1
590,197,3,Gemini,1,0,1,1,1,0,0,0,1,1,1,0,1,1,0,0,1,1,1,0,0,0
591,198,4,ChatGPT,0,1,0,0,1,1,1,1,0,0,0,1,0,0,1,0,0,0,0,1,1,1
592,198,2,Claude,0,0,0,0,0,0,0,1,0,0,0,1,0,0,1,0,0,1,0,1,1,1
593,198,2,Gemini,0,1,1,0,0,1,0,1,0,0,0,0,0,0,1,0,0,1,0,1,1,1
594,199,4,ChatGPT,1,0,0,1,1,0,1,0,0,1,1,0,1,0,0,0,1,0,1,1,0,0
595,199,1,Claude,0,0,0,0,0,0,1,0,0,0,0,0,0,0,0,0,0,0,1,0,0,0
596,199,2,Gemini,0,0,0,1,1,0,0,0,0,1,1,0,1,0,0,0,1,0,1,0,0,0
597,200,4,ChatGPT,0,0,0,1,1,0,0,1,1,1,1,1,1,1,1,0,1,1,0,0,1,1
598,200,5,Claude,0,0,0,0,0,0,1,0,0,0,0,0,0,0,1,0,0,0,0,0,1,1
599,200,1,Gemini,0,0,0,0,0,0,0,0,1,0,0,0,0,1,0,0,0,0,0,0,0,0
600,201,4,ChatGPT,1,0,0,1,1,0,0,0,1,1,1,0,1,1,0,0,1,1,1,0,0,0
601,201,4,Claude,1,0,0,1,1,0,1,1,1,1,1,0,1,1,0,0,1,0,0,0,0,0
602,201,1,Gemini,0,0,0,0,1,0,0,0,0,0,0,0,1,1,0,0,1,1,1,0,0,0
603,202,3,ChatGPT,0,0,0,1,0,0,0,0,1,1,1,0,0,1,0,0,0,1,1,0,0,0
604,202,4,Claude,0,1,1,0,0,1,0,1,0,0,0,0,0,0,0,1,0,0,0,0,0,0
605,202,1,Gemini,0,0,0,0,1,0,0,0,0,0,0,0,0,0,0,0,0,1,1,0,0,0
606,203,4,ChatGPT,1,1,1,1,1,1,1,1,1,1,1,0,0,1,0,0,0,1,1,0,0,0
607,203,2,Claude,0,0,0,0,0,0,0,1,0,0,0,0,0,0,0,0,0,0,1,0,0,0
608,203,2,Gemini,0,0,0,0,1,0,1,0,0,0,0,0,0,0,0,0,0,0,0,0,0,0
609,204,3,ChatGPT,1,0,0,0,1,0,0,1,0,0,0,1,0,0,0,0,0,0,1,0,0,0
610,204,1,Claude,0,0,1,0,0,0,1,0,0,0,0,1,0,0,0,1,0,0,0,0,0,0
611,204,1,Gemini,0,0,0,0,0,0,0,1,0,0,0,0,0,0,0,1,0,0,0,0,0,0
612,205,4,ChatGPT,0,1,0,1,0,1,0,0,1,1,1,0,0,1,0,1,0,0,0,0,0,0
613,205,2,Claude,0,1,0,0,0,1,1,1,0,0,0,0,0,0,0,1,0,0,0,1,0,0
614,205,2,Gemini,1,0,1,0,0,0,0,0,0,0,0,0,0,0,0,0,0,1,0,1,0,0
615,206,3,ChatGPT,0,1,0,1,0,1,0,0,0,1,1,1,0,0,0,0,0,1,0,0,0,0
616,206,3,Claude,0,1,0,0,0,1,0,1,1,0,0,1,0,1,0,0,0,1,0,0,0,0
617,206,2,Gemini,1,0,0,0,0,0,0,0,0,0,0,0,0,0,0,1,0,0,0,0,0,0
618,207,4,ChatGPT,0,1,0,0,1,1,1,0,1,0,0,0,0,0,0,0,0,1,1,0,0,0
619,207,1,Claude,0,0,0,0,0,0,1,0,0,0,0,0,0,0,0,0,0,1,0,0,0,0
620,207,1,Gemini,0,0,0,0,0,0,1,0,0,0,0,0,0,0,0,0,0,1,0,0,0,0
621,208,5,ChatGPT,0,1,1,0,1,1,0,1,0,0,0,0,0,0,1,0,0,1,0,1,1,1
622,208,1,Claude,1,1,1,0,1,1,0,1,0,0,0,0,0,0,0,0,0,1,0,1,0,0
623,208,5,Gemini,1,1,0,0,1,1,0,1,0,0,0,0,0,0,0,1,0,1,0,0,0,0
624,209,4,ChatGPT,1,1,1,1,1,1,1,1,1,1,1,0,1,0,0,1,1,0,0,1,0,0
625,209,1,Claude,0,1,1,0,0,1,1,0,0,0,0,1,0,0,1,1,0,1,1,1,1,1
626,209,2,Gemini,1,0,0,1,1,0,0,0,0,1,1,0,1,1,1,0,1,1,1,1,1,1
627,210,5,ChatGPT,0,1,0,1,1,1,0,1,0,1,1,1,0,1,0,0,0,1,0,1,0,0
628,210,3,Claude,0,0,0,0,0,0,0,1,0,0,0,0,0,0,0,0,0,0,1,0,0,0
629,210,3,Gemini,0,0,0,1,0,0,0,0,0,1,1,0,0,0,1,0,0,0,0,0,1,1
630,211,5,ChatGPT,1,1,1,1,0,1,0,1,0,1,1,0,0,1,0,1,0,1,1,0,0,0
631,211,1,Claude,0,0,0,0,0,0,0,1,0,0,0,0,0,0,0,0,0,0,1,0,0,0
632,211,2,Gemini,0,0,0,0,1,0,0,0,0,0,0,0,0,0,0,1,0,0,0,0,0,0
633,212,3,ChatGPT,0,1,1,0,1,1,0,1,1,0,0,1,0,0,0,1,0,1,1,0,0,0
634,212,4,Claude,0,0,1,0,1,0,0,1,0,0,0,0,0,1,0,1,0,1,1,0,0,0
635,212,3,Gemini,0,0,1,0,1,0,0,1,0,0,0,0,0,1,0,1,0,0,1,0,0,0
636,213,5,ChatGPT,1,1,0,1,1,1,0,1,1,1,1,1,0,1,0,0,0,1,0,0,0,0
637,213,4,Claude,0,0,1,0,0,0,1,1,0,0,0,1,1,0,0,1,1,0,0,1,0,0
638,213,3,Gemini,1,0,0,1,1,0,0,0,1,1,1,0,1,1,0,0,1,1,1,0,0,0
639,214,5,ChatGPT,0,1,0,1,1,1,1,1,0,1,1,1,0,1,0,0,0,0,0,0,0,0
640,214,5,Claude,0,1,1,0,0,1,1,1,0,0,0,1,0,0,1,0,0,0,0,1,1,1
641,214,3,Gemini,1,0,0,1,1,0,0,1,1,1,1,0,1,1,0,0,1,1,0,0,0,0
642,215,5,ChatGPT,0,0,0,1,1,0,0,0,1,1,1,0,1,0,0,0,1,1,1,0,0,0
643,215,4,Claude,1,0,1,0,1,0,0,1,0,0,0,0,1,0,0,0,1,1,0,0,0,0
644,215,3,Gemini,0,0,0,0,1,0,0,0,0,0,0,0,1,0,0,0,1,1,0,0,0,0
645,216,5,ChatGPT,0,1,1,1,1,1,0,1,1,1,1,0,0,1,0,0,0,1,1,0,0,0
646,216,3,Claude,1,0,1,0,0,0,0,1,1,0,0,0,0,0,0,0,0,1,1,0,0,0
647,216,4,Gemini,1,0,1,0,0,0,1,0,0,0,0,0,0,0,0,1,0,0,0,0,0,0
648,217,4,ChatGPT,0,1,0,1,1,1,0,1,1,1,1,0,0,1,0,0,0,1,0,0,0,0
649,217,2,Claude,0,0,0,0,0,0,0,1,0,0,0,0,0,1,0,0,0,1,0,0,0,0
650,217,2,Gemini,1,0,0,0,1,0,0,0,1,0,0,0,0,1,0,0,0,1,1,0,0,0
651,218,4,ChatGPT,0,1,0,1,1,1,0,0,1,1,1,1,0,1,0,0,0,1,1,0,0,0
652,218,4,Claude,0,0,0,0,0,0,0,1,0,0,0,0,0,0,1,1,0,0,1,1,1,1
653,218,5,Gemini,0,0,1,0,0,0,1,1,0,0,0,0,0,0,0,0,0,1,1,0,0,0
654,219,4,ChatGPT,1,0,0,0,1,0,0,0,0,0,0,0,0,0,0,0,0,1,1,0,0,0
655,219,2,Claude,0,1,1,0,0,1,0,1,0,0,0,0,0,0,0,0,0,0,0,0,0,0
656,219,4,Gemini,1,1,0,1,1,1,0,0,1,1,1,1,0,0,0,1,0,1,1,0,0,0
657,220,4,ChatGPT,1,0,0,0,1,0,0,0,0,0,0,0,0,0,0,0,0,1,0,0,0,0
658,220,2,Claude,0,0,1,0,0,0,0,1,0,0,0,0,0,0,1,0,0,1,0,1,1,1
659,220,3,Gemini,0,0,1,0,0,0,0,0,0,0,0,1,0,0,0,0,0,0,0,0,0,0
660,221,4,ChatGPT,1,0,0,1,1,0,0,0,1,1,1,0,0,0,0,0,0,1,1,0,0,0
661,221,2,Claude,0,1,1,0,0,1,0,1,0,0,0,0,0,1,0,0,0,0,1,0,0,0
662,221,1,Gemini,1,0,0,1,0,0,0,0,0,1,1,0,0,0,1,0,0,0,0,0,1,1
663,222,4,ChatGPT,0,0,0,1,1,0,1,0,1,1,1,0,0,0,0,0,0,0,1,0,0,0
664,222,2,Claude,0,0,1,0,0,0,0,1,0,0,0,1,0,0,1,0,0,0,0,1,1,1
665,222,2,Gemini,1,0,1,0,1,0,0,0,0,0,0,0,1,0,0,0,1,0,0,0,0,0
666,223,5,ChatGPT,0,0,1,1,1,0,0,0,1,1,1,0,1,0,0,0,1,1,1,0,0,0
667,223,4,Claude,0,0,1,0,1,0,1,1,0,0,0,1,0,0,0,0,0,0,0,0,0,0
668,223,2,Gemini,0,0,0,1,0,0,0,0,1,1,1,0,0,1,0,0,0,1,1,0,0,0
669,224,5,ChatGPT,1,1,1,1,0,1,0,1,1,1,1,0,0,0,0,1,0,1,0,0,0,0
670,224,4,Claude,1,0,0,0,1,0,0,0,0,0,0,1,0,0,0,0,0,1,1,0,0,0
671,224,4,Gemini,1,0,0,1,1,0,0,0,1,1,1,0,0,0,0,1,0,1,0,0,0,0
672,225,4,ChatGPT,0,1,0,1,1,1,0,1,1,1,1,1,0,1,0,0,0,0,0,0,0,0
673,225,5,Claude,0,1,1,1,0,1,0,1,0,1,1,0,0,0,1,0,0,0,0,1,1,1
674,225,3,Gemini,0,0,0,0,1,0,0,0,0,0,0,1,1,1,1,0,1,1,1,1,1,1
675,226,5,ChatGPT,0,0,0,1,1,0,0,0,1,1,1,0,0,0,0,0,0,1,0,1,0,0
676,226,4,Claude,0,0,0,0,0,0,0,1,1,0,0,0,0,0,0,0,0,1,0,0,0,0
677,226,3,Gemini,0,0,0,0,0,0,0,0,1,0,0,0,0,0,1,0,0,0,0,0,1,1
678,227,3,ChatGPT,0,1,0,1,1,1,0,0,0,1,1,0,0,0,0,0,0,1,1,0,0,0
679,227,2,Claude,0,0,0,0,0,0,0,1,0,0,0,0,0,0,0,0,0,1,0,0,0,0
680,227,1,Gemini,0,0,0,1,0,0,0,0,0,1,1,0,0,0,0,0,0,1,1,0,0,0
681,228,4,ChatGPT,0,0,1,1,1,0,1,0,0,1,1,1,1,0,0,0,1,0,0,0,0,0
682,228,3,Claude,1,0,0,1,0,0,0,1,0,1,1,0,0,0,0,1,0,0,1,0,0,0
683,228,4,Gemini,0,0,1,0,0,0,1,1,0,0,0,0,0,0,0,0,0,0,1,0,0,0
684,229,4,ChatGPT,1,1,0,1,0,1,0,0,1,1,1,0,0,1,0,1,0,1,1,0,0,0
685,229,5,Claude,1,0,1,0,1,0,0,1,1,0,0,0,0,0,0,0,0,1,0,0,0,0
686,229,3,Gemini,1,1,0,1,0,1,0,0,1,1,1,0,0,0,0,0,0,1,0,0,0,0
687,230,4,ChatGPT,1,0,0,0,1,0,1,0,0,0,0,0,0,1,1,0,0,1,1,1,1,1
688,230,2,Claude,0,0,0,0,0,0,0,1,0,0,0,0,0,0,0,0,0,0,1,0,0,0
689,230,2,Gemini,0,1,0,1,0,1,0,0,1,1,1,0,1,0,1,0,1,0,0,0,1,1
690,231,4,ChatGPT,0,0,0,0,1,0,0,0,0,0,0,0,0,0,0,0,0,1,1,0,0,0
691,231,2,Claude,0,0,1,0,0,0,0,1,0,0,0,0,0,0,0,0,0,0,0,1,0,0
692,231,3,Gemini,0,0,0,0,0,0,0,0,1,0,0,1,0,0,0,0,0,0,0,0,0,0
693,232,5,ChatGPT,1,1,0,0,1,1,0,1,0,0,0,0,1,1,0,0,1,0,1,0,0,0
694,232,1,Claude,0,0,1,1,0,0,0,1,0,1,1,0,0,1,0,0,0,0,0,0,0,0
695,232,2,Gemini,0,1,0,1,1,1,0,1,0,1,1,0,0,0,0,0,0,1,1,0,0,0
696,233,4,ChatGPT,0,0,0,1,1,0,0,0,0,1,1,1,1,1,0,0,1,1,1,0,0,0
697,233,4,Claude,1,1,0,0,1,1,0,1,1,0,0,0,1,0,0,0,1,0,0,0,0,0
698,233,4,Gemini,0,0,0,0,1,0,1,1,0,0,0,0,1,0,0,0,1,0,0,0,0,0
699,234,3,ChatGPT,1,0,1,1,1,0,0,0,0,1,1,0,1,0,0,0,1,1,1,0,0,0
700,234,1,Claude,0,0,1,0,1,0,0,0,1,0,0,0,0,0,0,0,0,1,1,0,0,0
701,234,4,Gemini,0,0,0,0,1,0,0,0,1,0,0,0,0,0,0,0,0,0,1,0,0,0
702,235,3,ChatGPT,1,0,0,1,0,0,0,1,1,1,1,0,1,0,0,0,1,1,0,0,0,0
703,235,3,Claude,0,0,0,1,1,0,0,0,0,1,1,1,0,0,0,0,0,0,0,0,0,0
704,235,3,Gemini,0,0,1,0,0,0,1,1,0,0,0,0,0,0,1,1,0,0,0,1,1,1
705,236,5,ChatGPT,1,0,0,1,1,0,0,0,1,1,1,0,1,1,1,1,1,1,1,0,1,1
706,236,1,Claude,0,0,0,0,0,0,0,0,0,0,0,0,0,0,0,0,0,0,0,0,0,0
707,236,3,Gemini,0,0,0,0,0,0,0,0,0,0,0,0,0,0,0,0,0,0,0,0,0,0
708,237,5,ChatGPT,0,0,0,1,1,0,0,0,1,1,1,0,0,0,0,0,0,1,1,0,0,0
709,237,3,Claude,0,0,0,0,0,0,0,1,0,0,0,1,0,0,0,0,0,0,0,1,0,0
710,237,3,Gemini,0,0,0,0,0,0,0,1,0,0,0,0,1,0,0,0,1,0,0,1,0,0
711,238,3,ChatGPT,1,1,0,1,0,1,0,0,1,1,1,0,0,0,0,0,0,1,1,0,0,0
712,238,2,Claude,1,0,0,1,1,0,0,0,0,1,1,0,0,1,0,0,0,1,0,1,0,0
713,238,3,Gemini,0,0,1,0,1,0,0,1,1,0,0,1,1,0,0,0,1,0,0,0,0,0
714,239,3,ChatGPT,0,1,1,0,0,1,1,1,0,0,0,1,0,0,1,1,0,0,0,1,1,1
715,239,3,Claude,0,0,0,1,1,0,0,1,1,1,1,1,0,0,0,0,0,1,0,0,0,0
716,239,3,Gemini,0,0,1,0,0,0,0,1,0,0,0,1,0,0,1,0,0,0,0,1,1,1
717,240,4,ChatGPT,1,1,0,0,1,1,0,1,1,0,0,0,0,1,1,1,0,1,0,0,1,1
718,240,4,Claude,1,0,0,0,1,0,0,1,1,0,0,0,0,1,0,0,0,1,0,0,0,0
719,240,1,Gemini,1,0,0,1,0,0,1,0,0,1,1,0,0,1,0,1,0,1,1,0,0,0
720,241,5,ChatGPT,1,0,0,0,1,0,0,1,1,0,0,0,1,0,0,0,1,1,0,1,0,0
721,241,3,Claude,0,1,0,0,0,1,0,1,0,0,0,0,0,0,0,1,0,0,0,0,0,0
722,241,3,Gemini,0,0,0,0,0,0,0,0,1,0,0,0,0,0,0,1,0,0,0,0,0,0
723,242,5,ChatGPT,0,1,0,1,1,1,1,0,0,1,1,1,0,1,0,0,0,0,1,0,0,0
724,242,3,Claude,0,0,0,0,1,0,0,0,0,0,0,0,0,0,0,0,0,1,1,0,0,0
725,242,5,Gemini,0,0,0,1,1,0,0,0,0,1,1,0,0,0,0,0,0,1,1,0,0,0
726,243,4,ChatGPT,0,1,0,1,1,1,0,0,1,1,1,0,0,1,0,0,0,1,1,0,0,0
727,243,2,Claude,0,0,1,0,0,0,1,1,0,0,0,1,0,0,1,0,0,0,0,0,1,1
728,243,1,Gemini,1,0,0,1,1,0,0,0,1,1,1,0,0,1,0,0,0,1,1,0,0,0
729,244,5,ChatGPT,1,0,0,1,1,0,0,0,1,1,1,0,1,1,0,0,1,1,0,0,0,0
730,244,3,Claude,0,0,1,0,1,0,0,1,0,0,0,1,0,0,0,0,0,1,0,0,0,0
731,244,1,Gemini,0,0,0,1,0,0,0,0,1,1,1,0,0,1,0,0,0,1,0,0,0,0
732,245,3,ChatGPT,0,0,0,0,1,0,0,1,0,0,0,1,1,1,1,0,1,1,0,1,1,1
733,245,1,Claude,0,0,0,0,0,0,0,1,0,0,0,0,0,0,0,0,0,0,1,0,0,0
734,245,1,Gemini,0,0,0,0,1,0,0,0,0,0,0,0,0,0,0,1,0,0,0,0,0,0
735,246,4,ChatGPT,1,1,0,0,0,1,0,1,0,0,0,0,0,1,0,0,0,1,0,0,0,0
736,246,2,Claude,0,0,0,0,0,0,0,1,0,0,0,0,1,0,1,0,1,0,0,0,1,1
737,246,4,Gemini,0,0,0,0,0,0,0,0,1,0,0,0,0,0,0,0,0,0,1,0,0,0
738,247,5,ChatGPT,0,0,1,0,1,0,0,0,0,0,0,0,0,0,0,0,0,1,1,1,0,0
739,247,5,Claude,0,0,0,0,0,0,0,0,1,0,0,0,0,0,0,0,0,1,1,0,0,0
740,247,3,Gemini,0,0,0,0,1,0,0,0,0,0,0,0,0,1,0,0,0,1,1,0,0,0
741,248,5,ChatGPT,1,1,0,0,0,1,1,0,0,0,0,0,0,0,0,0,0,1,1,0,0,0
742,248,2,Claude,0,0,1,0,1,0,0,1,0,0,0,0,0,0,0,0,0,1,0,1,0,0
743,248,2,Gemini,0,0,0,1,1,0,0,0,1,1,1,0,0,0,1,1,0,0,0,1,1,1
